link,qn,text,,
https://www.examtopics.com/discussions/google/view/16103-exam-professional-cloud-security-engineer-topic-1-question/,10,Exam Professional Cloud Security Engineer topic 1 question 10 ...,1,Missing
https://www.examtopics.com/discussions/google/view/16101-exam-professional-cloud-security-engineer-topic-1-question/,11,Exam Professional Cloud Security Engineer topic 1 question 11 ...,2,Missing
https://www.examtopics.com/discussions/google/view/74817-exam-professional-cloud-security-engineer-topic-1-question/,12,Exam Professional Cloud Security Engineer topic 1 question 12 ...,3,Missing
https://www.examtopics.com/discussions/google/view/16544-exam-professional-cloud-security-engineer-topic-1-question/,13,Exam Professional Cloud Security Engineer topic 1 question 13 ...,4,Missing
https://www.examtopics.com/discussions/google/view/16979-exam-professional-cloud-security-engineer-topic-1-question/,14,Exam Professional Cloud Security Engineer topic 1 question 14 ...,5,Missing
https://www.examtopics.com/discussions/google/view/27107-exam-professional-cloud-security-engineer-topic-1-question/,15,Exam Professional Cloud Security Engineer topic 1 question 15 ...,6,Missing
https://www.examtopics.com/discussions/google/view/17818-exam-professional-cloud-security-engineer-topic-1-question/,16,Exam Professional Cloud Security Engineer topic 1 question 16 ...,7,Missing
https://www.examtopics.com/discussions/google/view/17819-exam-professional-cloud-security-engineer-topic-1-question/,17,Exam Professional Cloud Security Engineer topic 1 question 17 ...,8,Missing
https://www.examtopics.com/discussions/google/view/16105-exam-professional-cloud-security-engineer-topic-1-question/,18,Exam Professional Cloud Security Engineer topic 1 question 18 ...,9,Missing
https://www.examtopics.com/discussions/google/view/27108-exam-professional-cloud-security-engineer-topic-1-question/,19,Exam Professional Cloud Security Engineer topic 1 question 19 ...,10,
https://www.examtopics.com/discussions/google/view/17838-exam-professional-cloud-security-engineer-topic-1-question/,20,Exam Professional Cloud Security Engineer topic 1 question 20 ...,11,
https://www.examtopics.com/discussions/google/view/16379-exam-professional-cloud-security-engineer-topic-1-question/,21,Exam Professional Cloud Security Engineer topic 1 question 21 ...,12,
https://www.examtopics.com/discussions/google/view/83973-exam-professional-cloud-security-engineer-topic-1-question/,23,Exam Professional Cloud Security Engineer topic 1 question 23 ...,13,
https://www.examtopics.com/discussions/google/view/29020-exam-professional-cloud-security-engineer-topic-1-question/,24,Exam Professional Cloud Security Engineer topic 1 question 24 ...,14,
https://www.examtopics.com/discussions/google/view/27112-exam-professional-cloud-security-engineer-topic-1-question/,25,Exam Professional Cloud Security Engineer topic 1 question 25 ...,15,
https://www.examtopics.com/discussions/google/view/32698-exam-professional-cloud-security-engineer-topic-1-question/,26,Exam Professional Cloud Security Engineer topic 1 question 26 ...,16,
https://www.examtopics.com/discussions/google/view/27114-exam-professional-cloud-security-engineer-topic-1-question/,27,Exam Professional Cloud Security Engineer topic 1 question 27 ...,17,
https://www.examtopics.com/discussions/google/view/16994-exam-professional-cloud-security-engineer-topic-1-question/,28,Exam Professional Cloud Security Engineer topic 1 question 28 ...,18,
https://www.examtopics.com/discussions/google/view/16996-exam-professional-cloud-security-engineer-topic-1-question/,29,Exam Professional Cloud Security Engineer topic 1 question 29 ...,19,
https://www.examtopics.com/discussions/google/view/16998-exam-professional-cloud-security-engineer-topic-1-question/,30,Exam Professional Cloud Security Engineer topic 1 question 30 ...,20,
https://www.examtopics.com/discussions/google/view/17841-exam-professional-cloud-security-engineer-topic-1-question/,31,Exam Professional Cloud Security Engineer topic 1 question 31 ...,21,
https://www.examtopics.com/discussions/google/view/16999-exam-professional-cloud-security-engineer-topic-1-question/,32,Exam Professional Cloud Security Engineer topic 1 question 32 ...,22,Missing
https://www.examtopics.com/discussions/google/view/75050-exam-professional-cloud-security-engineer-topic-1-question/,33,Exam Professional Cloud Security Engineer topic 1 question 33 ...,23,
https://www.examtopics.com/discussions/google/view/32927-exam-professional-cloud-security-engineer-topic-1-question/,34,Exam Professional Cloud Security Engineer topic 1 question 34 ...,24,
https://www.examtopics.com/discussions/google/view/17523-exam-professional-cloud-security-engineer-topic-1-question/,35,Exam Professional Cloud Security Engineer topic 1 question 35 ...,25,
https://www.examtopics.com/discussions/google/view/31467-exam-professional-cloud-security-engineer-topic-1-question/,37,Exam Professional Cloud Security Engineer topic 1 question 37 ...,26,
https://www.examtopics.com/discussions/google/view/32120-exam-professional-cloud-security-engineer-topic-1-question/,38,Exam Professional Cloud Security Engineer topic 1 question 38 ...,27,
https://www.examtopics.com/discussions/google/view/17001-exam-professional-cloud-security-engineer-topic-1-question/,39,Exam Professional Cloud Security Engineer topic 1 question 39 ...,28,
https://www.examtopics.com/discussions/google/view/80812-exam-professional-cloud-security-engineer-topic-1-question/,40,Exam Professional Cloud Security Engineer topic 1 question 40 ...,29,
https://www.examtopics.com/discussions/google/view/16482-exam-professional-cloud-security-engineer-topic-1-question/,41,Exam Professional Cloud Security Engineer topic 1 question 41 ...,30,
https://www.examtopics.com/discussions/google/view/17846-exam-professional-cloud-security-engineer-topic-1-question/,42,Exam Professional Cloud Security Engineer topic 1 question 42 ...,31,
https://www.examtopics.com/discussions/google/view/35256-exam-professional-cloud-security-engineer-topic-1-question/,43,Exam Professional Cloud Security Engineer topic 1 question 43 ...,32,
https://www.examtopics.com/discussions/google/view/16554-exam-professional-cloud-security-engineer-topic-1-question/,44,Exam Professional Cloud Security Engineer topic 1 question 44 ...,33,
https://www.examtopics.com/discussions/google/view/17525-exam-professional-cloud-security-engineer-topic-1-question/,45,Exam Professional Cloud Security Engineer topic 1 question 45 ...,34,
https://www.examtopics.com/discussions/google/view/17005-exam-professional-cloud-security-engineer-topic-1-question/,46,Exam Professional Cloud Security Engineer topic 1 question 46 ...,35,
https://www.examtopics.com/discussions/google/view/21472-exam-professional-cloud-security-engineer-topic-1-question/,47,Exam Professional Cloud Security Engineer topic 1 question 47 ...,36,Missing
https://www.examtopics.com/discussions/google/view/21227-exam-professional-cloud-security-engineer-topic-1-question/,48,Exam Professional Cloud Security Engineer topic 1 question 48 ...,37,
https://www.examtopics.com/discussions/google/view/16557-exam-professional-cloud-security-engineer-topic-1-question/,49,Exam Professional Cloud Security Engineer topic 1 question 49 ...,38,
https://www.examtopics.com/discussions/google/view/25411-exam-professional-cloud-security-engineer-topic-1-question/,50,Exam Professional Cloud Security Engineer topic 1 question 50 ...,39,
https://www.examtopics.com/discussions/google/view/30125-exam-professional-cloud-security-engineer-topic-1-question/,51,Exam Professional Cloud Security Engineer topic 1 question 51 ...,40,
https://www.examtopics.com/discussions/google/view/30232-exam-professional-cloud-security-engineer-topic-1-question/,52,Exam Professional Cloud Security Engineer topic 1 question 52 ...,41,
https://www.examtopics.com/discussions/google/view/30233-exam-professional-cloud-security-engineer-topic-1-question/,53,Exam Professional Cloud Security Engineer topic 1 question 53 ...,42,
https://www.examtopics.com/discussions/google/view/30234-exam-professional-cloud-security-engineer-topic-1-question/,54,Exam Professional Cloud Security Engineer topic 1 question 54 ...,43,
https://www.examtopics.com/discussions/google/view/29917-exam-professional-cloud-security-engineer-topic-1-question/,55,Exam Professional Cloud Security Engineer topic 1 question 55 ...,44,
https://www.examtopics.com/discussions/google/view/29918-exam-professional-cloud-security-engineer-topic-1-question/,56,Exam Professional Cloud Security Engineer topic 1 question 56 ...,45,
https://www.examtopics.com/discussions/google/view/34238-exam-professional-cloud-security-engineer-topic-1-question/,57,Exam Professional Cloud Security Engineer topic 1 question 57 ...,46,
https://www.examtopics.com/discussions/google/view/30235-exam-professional-cloud-security-engineer-topic-1-question/,58,Exam Professional Cloud Security Engineer topic 1 question 58 ...,47,
https://www.examtopics.com/discussions/google/view/30328-exam-professional-cloud-security-engineer-topic-1-question/,59,Exam Professional Cloud Security Engineer topic 1 question 59 ...,48,
https://www.examtopics.com/discussions/google/view/30381-exam-professional-cloud-security-engineer-topic-1-question/,60,Exam Professional Cloud Security Engineer topic 1 question 60 ...,49,
https://www.examtopics.com/discussions/google/view/30329-exam-professional-cloud-security-engineer-topic-1-question/,61,Exam Professional Cloud Security Engineer topic 1 question 61 ...,50,
https://www.examtopics.com/discussions/google/view/30236-exam-professional-cloud-security-engineer-topic-1-question/,62,Exam Professional Cloud Security Engineer topic 1 question 62 ...,51,
https://www.examtopics.com/discussions/google/view/74818-exam-professional-cloud-security-engineer-topic-1-question/,63,Exam Professional Cloud Security Engineer topic 1 question 63 ...,52,
https://www.examtopics.com/discussions/google/view/30350-exam-professional-cloud-security-engineer-topic-1-question/,64,Exam Professional Cloud Security Engineer topic 1 question 64 ...,53,
https://www.examtopics.com/discussions/google/view/30429-exam-professional-cloud-security-engineer-topic-1-question/,65,Exam Professional Cloud Security Engineer topic 1 question 65 ...,54,
https://www.examtopics.com/discussions/google/view/30354-exam-professional-cloud-security-engineer-topic-1-question/,66,Exam Professional Cloud Security Engineer topic 1 question 66 ...,55,
https://www.examtopics.com/discussions/google/view/30356-exam-professional-cloud-security-engineer-topic-1-question/,67,Exam Professional Cloud Security Engineer topic 1 question 67 ...,56,
https://www.examtopics.com/discussions/google/view/30359-exam-professional-cloud-security-engineer-topic-1-question/,68,Exam Professional Cloud Security Engineer topic 1 question 68 ...,57,
https://www.examtopics.com/discussions/google/view/30227-exam-professional-cloud-security-engineer-topic-1-question/,69,Exam Professional Cloud Security Engineer topic 1 question 69 ...,58,
https://www.examtopics.com/discussions/google/view/30128-exam-professional-cloud-security-engineer-topic-1-question/,70,Exam Professional Cloud Security Engineer topic 1 question 70 ...,59,
https://www.examtopics.com/discussions/google/view/30364-exam-professional-cloud-security-engineer-topic-1-question/,71,Exam Professional Cloud Security Engineer topic 1 question 71 ...,60,
https://www.examtopics.com/discussions/google/view/31624-exam-professional-cloud-security-engineer-topic-1-question/,72,Exam Professional Cloud Security Engineer topic 1 question 72 ...,61,
https://www.examtopics.com/discussions/google/view/30366-exam-professional-cloud-security-engineer-topic-1-question/,73,Exam Professional Cloud Security Engineer topic 1 question 73 ...,62,
https://www.examtopics.com/discussions/google/view/74820-exam-professional-cloud-security-engineer-topic-1-question/,74,Exam Professional Cloud Security Engineer topic 1 question 74 ...,63,
https://www.examtopics.com/discussions/google/view/30367-exam-professional-cloud-security-engineer-topic-1-question/,75,Exam Professional Cloud Security Engineer topic 1 question 75 ...,64,
https://www.examtopics.com/discussions/google/view/31536-exam-professional-cloud-security-engineer-topic-1-question/,76,Exam Professional Cloud Security Engineer topic 1 question 76 ...,65,
https://www.examtopics.com/discussions/google/view/80687-exam-professional-cloud-security-engineer-topic-1-question/,77,Exam Professional Cloud Security Engineer topic 1 question 77 ...,66,
https://www.examtopics.com/discussions/google/view/30369-exam-professional-cloud-security-engineer-topic-1-question/,78,Exam Professional Cloud Security Engineer topic 1 question 78 ...,67,
https://www.examtopics.com/discussions/google/view/80811-exam-professional-cloud-security-engineer-topic-1-question/,79,Exam Professional Cloud Security Engineer topic 1 question 79 ...,68,
https://www.examtopics.com/discussions/google/view/31140-exam-professional-cloud-security-engineer-topic-1-question/,80,Exam Professional Cloud Security Engineer topic 1 question 80 ...,69,
https://www.examtopics.com/discussions/google/view/30371-exam-professional-cloud-security-engineer-topic-1-question/,81,Exam Professional Cloud Security Engineer topic 1 question 81 ...,70,
https://www.examtopics.com/discussions/google/view/30372-exam-professional-cloud-security-engineer-topic-1-question/,82,Exam Professional Cloud Security Engineer topic 1 question 82 ...,71,
https://www.examtopics.com/discussions/google/view/33309-exam-professional-cloud-security-engineer-topic-1-question/,83,Exam Professional Cloud Security Engineer topic 1 question 83 ...,72,
https://www.examtopics.com/discussions/google/view/30374-exam-professional-cloud-security-engineer-topic-1-question/,84,Exam Professional Cloud Security Engineer topic 1 question 84 ...,73,
https://www.examtopics.com/discussions/google/view/32131-exam-professional-cloud-security-engineer-topic-1-question/,85,Exam Professional Cloud Security Engineer topic 1 question 85 ...,74,
https://www.examtopics.com/discussions/google/view/30376-exam-professional-cloud-security-engineer-topic-1-question/,86,Exam Professional Cloud Security Engineer topic 1 question 86 ...,75,
https://www.examtopics.com/discussions/google/view/34060-exam-professional-cloud-security-engineer-topic-1-question/,87,Exam Professional Cloud Security Engineer topic 1 question 87 ...,76,
https://www.examtopics.com/discussions/google/view/31142-exam-professional-cloud-security-engineer-topic-1-question/,88,Exam Professional Cloud Security Engineer topic 1 question 88 ...,77,
https://www.examtopics.com/discussions/google/view/32128-exam-professional-cloud-security-engineer-topic-1-question/,89,Exam Professional Cloud Security Engineer topic 1 question 89 ...,78,
https://www.examtopics.com/discussions/google/view/34062-exam-professional-cloud-security-engineer-topic-1-question/,90,Exam Professional Cloud Security Engineer topic 1 question 90 ...,79,
https://www.examtopics.com/discussions/google/view/31621-exam-professional-cloud-security-engineer-topic-1-question/,91,Exam Professional Cloud Security Engineer topic 1 question 91 ...,80,
https://www.examtopics.com/discussions/google/view/33956-exam-professional-cloud-security-engineer-topic-1-question/,92,Exam Professional Cloud Security Engineer topic 1 question 92 ...,81,
https://www.examtopics.com/discussions/google/view/33958-exam-professional-cloud-security-engineer-topic-1-question/,93,Exam Professional Cloud Security Engineer topic 1 question 93 ...,82,
https://www.examtopics.com/discussions/google/view/82897-exam-professional-cloud-security-engineer-topic-1-question/,94,Exam Professional Cloud Security Engineer topic 1 question 94 ...,83,
https://www.examtopics.com/discussions/google/view/74821-exam-professional-cloud-security-engineer-topic-1-question/,95,Exam Professional Cloud Security Engineer topic 1 question 95 ...,84,
https://www.examtopics.com/discussions/google/view/75708-exam-professional-cloud-security-engineer-topic-1-question/,96,Exam Professional Cloud Security Engineer topic 1 question 96 ...,85,
https://www.examtopics.com/discussions/google/view/75709-exam-professional-cloud-security-engineer-topic-1-question/,97,Exam Professional Cloud Security Engineer topic 1 question 97 ...,86,
https://www.examtopics.com/discussions/google/view/74822-exam-professional-cloud-security-engineer-topic-1-question/,98,Exam Professional Cloud Security Engineer topic 1 question 98 ...,87,
https://www.examtopics.com/discussions/google/view/74823-exam-professional-cloud-security-engineer-topic-1-question/,99,Exam Professional Cloud Security Engineer topic 1 question 99 ...,88,
https://www.examtopics.com/discussions/google/view/75710-exam-professional-cloud-security-engineer-topic-1-question/,100,Exam Professional Cloud Security Engineer topic 1 question 100 ...,89,
https://www.examtopics.com/discussions/google/view/74595-exam-professional-cloud-security-engineer-topic-1-question/,101,Exam Professional Cloud Security Engineer topic 1 question 101 ...,90,
https://www.examtopics.com/discussions/google/view/75400-exam-professional-cloud-security-engineer-topic-1-question/,102,Exam Professional Cloud Security Engineer topic 1 question 102 ...,91,
https://www.examtopics.com/discussions/google/view/75889-exam-professional-cloud-security-engineer-topic-1-question/,103,Exam Professional Cloud Security Engineer topic 1 question 103 ...,92,
https://www.examtopics.com/discussions/google/view/84267-exam-professional-cloud-security-engineer-topic-1-question/,104,Exam Professional Cloud Security Engineer topic 1 question 104 ...,93,
https://www.examtopics.com/discussions/google/view/75742-exam-professional-cloud-security-engineer-topic-1-question/,105,Exam Professional Cloud Security Engineer topic 1 question 105 ...,94,
https://www.examtopics.com/discussions/google/view/84628-exam-professional-cloud-security-engineer-topic-1-question/,106,Exam Professional Cloud Security Engineer topic 1 question 106 ...,95,
https://www.examtopics.com/discussions/google/view/74826-exam-professional-cloud-security-engineer-topic-1-question/,107,Exam Professional Cloud Security Engineer topic 1 question 107 ...,96,
https://www.examtopics.com/discussions/google/view/75711-exam-professional-cloud-security-engineer-topic-1-question/,108,Exam Professional Cloud Security Engineer topic 1 question 108 ...,97,
https://www.examtopics.com/discussions/google/view/74827-exam-professional-cloud-security-engineer-topic-1-question/,109,Exam Professional Cloud Security Engineer topic 1 question 109 ...,98,
https://www.examtopics.com/discussions/google/view/75892-exam-professional-cloud-security-engineer-topic-1-question/,110,Exam Professional Cloud Security Engineer topic 1 question 110 ...,99,
https://www.examtopics.com/discussions/google/view/74828-exam-professional-cloud-security-engineer-topic-1-question/,111,Exam Professional Cloud Security Engineer topic 1 question 111 ...,100,
https://www.examtopics.com/discussions/google/view/74829-exam-professional-cloud-security-engineer-topic-1-question/,112,Exam Professional Cloud Security Engineer topic 1 question 112 ...,101,
https://www.examtopics.com/discussions/google/view/74830-exam-professional-cloud-security-engineer-topic-1-question/,113,Exam Professional Cloud Security Engineer topic 1 question 113 ...,102,
https://www.examtopics.com/discussions/google/view/75714-exam-professional-cloud-security-engineer-topic-1-question/,114,Exam Professional Cloud Security Engineer topic 1 question 114 ...,103,
https://www.examtopics.com/discussions/google/view/75335-exam-professional-cloud-security-engineer-topic-1-question/,115,Exam Professional Cloud Security Engineer topic 1 question 115 ...,104,
https://www.examtopics.com/discussions/google/view/75402-exam-professional-cloud-security-engineer-topic-1-question/,116,Exam Professional Cloud Security Engineer topic 1 question 116 ...,105,
https://www.examtopics.com/discussions/google/view/75902-exam-professional-cloud-security-engineer-topic-1-question/,117,Exam Professional Cloud Security Engineer topic 1 question 117 ...,106,
https://www.examtopics.com/discussions/google/view/75738-exam-professional-cloud-security-engineer-topic-1-question/,118,Exam Professional Cloud Security Engineer topic 1 question 118 ...,107,
https://www.examtopics.com/discussions/google/view/76027-exam-professional-cloud-security-engineer-topic-1-question/,119,Exam Professional Cloud Security Engineer topic 1 question 119 ...,108,
https://www.examtopics.com/discussions/google/view/74831-exam-professional-cloud-security-engineer-topic-1-question/,120,Exam Professional Cloud Security Engineer topic 1 question 120 ...,109,
https://www.examtopics.com/discussions/google/view/74832-exam-professional-cloud-security-engineer-topic-1-question/,121,Exam Professional Cloud Security Engineer topic 1 question 121 ...,110,
https://www.examtopics.com/discussions/google/view/75451-exam-professional-cloud-security-engineer-topic-1-question/,122,Exam Professional Cloud Security Engineer topic 1 question 122 ...,111,
https://www.examtopics.com/discussions/google/view/75990-exam-professional-cloud-security-engineer-topic-1-question/,123,Exam Professional Cloud Security Engineer topic 1 question 123 ...,112,
https://www.examtopics.com/discussions/google/view/74833-exam-professional-cloud-security-engineer-topic-1-question/,124,Exam Professional Cloud Security Engineer topic 1 question 124 ...,113,
https://www.examtopics.com/discussions/google/view/75975-exam-professional-cloud-security-engineer-topic-1-question/,125,Exam Professional Cloud Security Engineer topic 1 question 125 ...,114,
https://www.examtopics.com/discussions/google/view/74834-exam-professional-cloud-security-engineer-topic-1-question/,126,Exam Professional Cloud Security Engineer topic 1 question 126 ...,115,
https://www.examtopics.com/discussions/google/view/74835-exam-professional-cloud-security-engineer-topic-1-question/,127,Exam Professional Cloud Security Engineer topic 1 question 127 ...,116,
https://www.examtopics.com/discussions/google/view/75981-exam-professional-cloud-security-engineer-topic-1-question/,128,Exam Professional Cloud Security Engineer topic 1 question 128 ...,117,
https://www.examtopics.com/discussions/google/view/75444-exam-professional-cloud-security-engineer-topic-1-question/,129,Exam Professional Cloud Security Engineer topic 1 question 129 ...,118,
https://www.examtopics.com/discussions/google/view/74836-exam-professional-cloud-security-engineer-topic-1-question/,130,Exam Professional Cloud Security Engineer topic 1 question 130 ...,119,
https://www.examtopics.com/discussions/google/view/80418-exam-professional-cloud-security-engineer-topic-1-question/,131,Exam Professional Cloud Security Engineer topic 1 question 131 ...,120,
https://www.examtopics.com/discussions/google/view/75964-exam-professional-cloud-security-engineer-topic-1-question/,132,Exam Professional Cloud Security Engineer topic 1 question 132 ...,121,
https://www.examtopics.com/discussions/google/view/75428-exam-professional-cloud-security-engineer-topic-1-question/,133,Exam Professional Cloud Security Engineer topic 1 question 133 ...,122,
https://www.examtopics.com/discussions/google/view/75333-exam-professional-cloud-security-engineer-topic-1-question/,134,Exam Professional Cloud Security Engineer topic 1 question 134 ...,123,
https://www.examtopics.com/discussions/google/view/81552-exam-professional-cloud-security-engineer-topic-1-question/,135,Exam Professional Cloud Security Engineer topic 1 question 135 ...,124,
https://www.examtopics.com/discussions/google/view/81740-exam-professional-cloud-security-engineer-topic-1-question/,136,Exam Professional Cloud Security Engineer topic 1 question 136 ...,125,
https://www.examtopics.com/discussions/google/view/81553-exam-professional-cloud-security-engineer-topic-1-question/,137,Exam Professional Cloud Security Engineer topic 1 question 137 ...,126,
https://www.examtopics.com/discussions/google/view/79827-exam-professional-cloud-security-engineer-topic-1-question/,138,Exam Professional Cloud Security Engineer topic 1 question 138 ...,127,
https://www.examtopics.com/discussions/google/view/84278-exam-professional-cloud-security-engineer-topic-1-question/,139,Exam Professional Cloud Security Engineer topic 1 question 139 ...,128,
https://www.examtopics.com/discussions/google/view/79828-exam-professional-cloud-security-engineer-topic-1-question/,140,Exam Professional Cloud Security Engineer topic 1 question 140 ...,129,
https://www.examtopics.com/discussions/google/view/80422-exam-professional-cloud-security-engineer-topic-1-question/,141,Exam Professional Cloud Security Engineer topic 1 question 141 ...,130,
https://www.examtopics.com/discussions/google/view/80426-exam-professional-cloud-security-engineer-topic-1-question/,142,Exam Professional Cloud Security Engineer topic 1 question 142 ...,131,
https://www.examtopics.com/discussions/google/view/80496-exam-professional-cloud-security-engineer-topic-1-question/,143,Exam Professional Cloud Security Engineer topic 1 question 143 ...,132,
https://www.examtopics.com/discussions/google/view/81556-exam-professional-cloud-security-engineer-topic-1-question/,144,Exam Professional Cloud Security Engineer topic 1 question 144 ...,133,
https://www.examtopics.com/discussions/google/view/80501-exam-professional-cloud-security-engineer-topic-1-question/,145,Exam Professional Cloud Security Engineer topic 1 question 145 ...,134,
https://www.examtopics.com/discussions/google/view/79832-exam-professional-cloud-security-engineer-topic-1-question/,146,Exam Professional Cloud Security Engineer topic 1 question 146 ...,135,
https://www.examtopics.com/discussions/google/view/80443-exam-professional-cloud-security-engineer-topic-1-question/,147,Exam Professional Cloud Security Engineer topic 1 question 147 ...,136,
https://www.examtopics.com/discussions/google/view/80411-exam-professional-cloud-security-engineer-topic-1-question/,148,Exam Professional Cloud Security Engineer topic 1 question 148 ...,137,
https://www.examtopics.com/discussions/google/view/79833-exam-professional-cloud-security-engineer-topic-1-question/,149,Exam Professional Cloud Security Engineer topic 1 question 149 ...,138,
https://www.examtopics.com/discussions/google/view/80506-exam-professional-cloud-security-engineer-topic-1-question/,150,Exam Professional Cloud Security Engineer topic 1 question 150 ...,139,
https://www.examtopics.com/discussions/google/view/82555-exam-professional-cloud-security-engineer-topic-1-question/,151,Exam Professional Cloud Security Engineer topic 1 question 151 ...,140,
https://www.examtopics.com/discussions/google/view/80449-exam-professional-cloud-security-engineer-topic-1-question/,152,Exam Professional Cloud Security Engineer topic 1 question 152 ...,141,
https://www.examtopics.com/discussions/google/view/79838-exam-professional-cloud-security-engineer-topic-1-question/,153,Exam Professional Cloud Security Engineer topic 1 question 153 ...,142,
https://www.examtopics.com/discussions/google/view/80410-exam-professional-cloud-security-engineer-topic-1-question/,154,Exam Professional Cloud Security Engineer topic 1 question 154 ...,143,
https://www.examtopics.com/discussions/google/view/83348-exam-professional-cloud-security-engineer-topic-1-question/,155,Exam Professional Cloud Security Engineer topic 1 question 155 ...,144,
https://www.examtopics.com/discussions/google/view/81780-exam-professional-cloud-security-engineer-topic-1-question/,156,Exam Professional Cloud Security Engineer topic 1 question 156 ...,145,
https://www.examtopics.com/discussions/google/view/79841-exam-professional-cloud-security-engineer-topic-1-question/,157,Exam Professional Cloud Security Engineer topic 1 question 157 ...,146,
https://www.examtopics.com/discussions/google/view/80816-exam-professional-cloud-security-engineer-topic-1-question/,158,Exam Professional Cloud Security Engineer topic 1 question 158 ...,147,
https://www.examtopics.com/discussions/google/view/81820-exam-professional-cloud-security-engineer-topic-1-question/,159,Exam Professional Cloud Security Engineer topic 1 question 159 ...,148,
https://www.examtopics.com/discussions/google/view/83929-exam-professional-cloud-security-engineer-topic-1-question/,160,Exam Professional Cloud Security Engineer topic 1 question 160 ...,149,
https://www.examtopics.com/discussions/google/view/82337-exam-professional-cloud-security-engineer-topic-1-question/,161,Exam Professional Cloud Security Engineer topic 1 question 161 ...,150,
https://www.examtopics.com/discussions/google/view/79850-exam-professional-cloud-security-engineer-topic-1-question/,162,Exam Professional Cloud Security Engineer topic 1 question 162 ...,151,
https://www.examtopics.com/discussions/google/view/84257-exam-professional-cloud-security-engineer-topic-1-question/,163,Exam Professional Cloud Security Engineer topic 1 question 163 ...,152,
https://www.examtopics.com/discussions/google/view/80492-exam-professional-cloud-security-engineer-topic-1-question/,164,Exam Professional Cloud Security Engineer topic 1 question 164 ...,153,
https://www.examtopics.com/discussions/google/view/83349-exam-professional-cloud-security-engineer-topic-1-question/,165,Exam Professional Cloud Security Engineer topic 1 question 165 ...,154,
https://www.examtopics.com/discussions/google/view/79853-exam-professional-cloud-security-engineer-topic-1-question/,166,Exam Professional Cloud Security Engineer topic 1 question 166 ...,155,
https://www.examtopics.com/discussions/google/view/79801-exam-professional-cloud-security-engineer-topic-1-question/,167,Exam Professional Cloud Security Engineer topic 1 question 167 ...,156,
https://www.examtopics.com/discussions/google/view/79803-exam-professional-cloud-security-engineer-topic-1-question/,168,Exam Professional Cloud Security Engineer topic 1 question 168 ...,157,
https://www.examtopics.com/discussions/google/view/84320-exam-professional-cloud-security-engineer-topic-1-question/,169,Exam Professional Cloud Security Engineer topic 1 question 169 ...,158,
https://www.examtopics.com/discussions/google/view/79858-exam-professional-cloud-security-engineer-topic-1-question/,170,Exam Professional Cloud Security Engineer topic 1 question 170 ...,159,
https://www.examtopics.com/discussions/google/view/79861-exam-professional-cloud-security-engineer-topic-1-question/,171,Exam Professional Cloud Security Engineer topic 1 question 171 ...,160,
https://www.examtopics.com/discussions/google/view/79864-exam-professional-cloud-security-engineer-topic-1-question/,172,Exam Professional Cloud Security Engineer topic 1 question 172 ...,161,
https://www.examtopics.com/discussions/google/view/79866-exam-professional-cloud-security-engineer-topic-1-question/,173,Exam Professional Cloud Security Engineer topic 1 question 173 ...,162,
https://www.examtopics.com/discussions/google/view/80407-exam-professional-cloud-security-engineer-topic-1-question/,174,Exam Professional Cloud Security Engineer topic 1 question 174 ...,163,
https://www.examtopics.com/discussions/google/view/79869-exam-professional-cloud-security-engineer-topic-1-question/,175,Exam Professional Cloud Security Engineer topic 1 question 175 ...,164,
https://www.examtopics.com/discussions/google/view/80453-exam-professional-cloud-security-engineer-topic-1-question/,176,Exam Professional Cloud Security Engineer topic 1 question 176 ...,165,
https://www.examtopics.com/discussions/google/view/80406-exam-professional-cloud-security-engineer-topic-1-question/,177,Exam Professional Cloud Security Engineer topic 1 question 177 ...,166,
https://www.examtopics.com/discussions/google/view/103569-exam-professional-cloud-security-engineer-topic-1-question/,178,Exam Professional Cloud Security Engineer topic 1 question 178 ...,167,
https://www.examtopics.com/discussions/google/view/117160-exam-professional-cloud-security-engineer-topic-1-question/,179,Exam Professional Cloud Security Engineer topic 1 question 179 ...,168,
https://www.examtopics.com/discussions/google/view/117159-exam-professional-cloud-security-engineer-topic-1-question/,180,Exam Professional Cloud Security Engineer topic 1 question 180 ...,169,
https://www.examtopics.com/discussions/google/view/117080-exam-professional-cloud-security-engineer-topic-1-question/,181,Exam Professional Cloud Security Engineer topic 1 question 181 ...,170,
https://www.examtopics.com/discussions/google/view/117084-exam-professional-cloud-security-engineer-topic-1-question/,182,Exam Professional Cloud Security Engineer topic 1 question 182 ...,171,
https://www.examtopics.com/discussions/google/view/117158-exam-professional-cloud-security-engineer-topic-1-question/,183,Exam Professional Cloud Security Engineer topic 1 question 183 ...,172,
https://www.examtopics.com/discussions/google/view/117157-exam-professional-cloud-security-engineer-topic-1-question/,184,Exam Professional Cloud Security Engineer topic 1 question 184 ...,173,
https://www.examtopics.com/discussions/google/view/117156-exam-professional-cloud-security-engineer-topic-1-question/,185,Exam Professional Cloud Security Engineer topic 1 question 185 ...,174,
https://www.examtopics.com/discussions/google/view/117324-exam-professional-cloud-security-engineer-topic-1-question/,186,Exam Professional Cloud Security Engineer topic 1 question 186 ...,175,
https://www.examtopics.com/discussions/google/view/117222-exam-professional-cloud-security-engineer-topic-1-question/,187,Exam Professional Cloud Security Engineer topic 1 question 187 ...,176,
https://www.examtopics.com/discussions/google/view/117224-exam-professional-cloud-security-engineer-topic-1-question/,188,Exam Professional Cloud Security Engineer topic 1 question 188 ...,177,
https://www.examtopics.com/discussions/google/view/117091-exam-professional-cloud-security-engineer-topic-1-question/,189,Exam Professional Cloud Security Engineer topic 1 question 189 ...,178,
https://www.examtopics.com/discussions/google/view/117226-exam-professional-cloud-security-engineer-topic-1-question/,190,Exam Professional Cloud Security Engineer topic 1 question 190 ...,179,
https://www.examtopics.com/discussions/google/view/117092-exam-professional-cloud-security-engineer-topic-1-question/,191,Exam Professional Cloud Security Engineer topic 1 question 191 ...,180,
https://www.examtopics.com/discussions/google/view/117376-exam-professional-cloud-security-engineer-topic-1-question/,192,Exam Professional Cloud Security Engineer topic 1 question 192 ...,181,
https://www.examtopics.com/discussions/google/view/117170-exam-professional-cloud-security-engineer-topic-1-question/,193,Exam Professional Cloud Security Engineer topic 1 question 193 ...,182,
https://www.examtopics.com/discussions/google/view/117171-exam-professional-cloud-security-engineer-topic-1-question/,194,Exam Professional Cloud Security Engineer topic 1 question 194 ...,183,
https://www.examtopics.com/discussions/google/view/117172-exam-professional-cloud-security-engineer-topic-1-question/,195,Exam Professional Cloud Security Engineer topic 1 question 195 ...,184,
https://www.examtopics.com/discussions/google/view/117173-exam-professional-cloud-security-engineer-topic-1-question/,196,Exam Professional Cloud Security Engineer topic 1 question 196 ...,185,
https://www.examtopics.com/discussions/google/view/117176-exam-professional-cloud-security-engineer-topic-1-question/,197,Exam Professional Cloud Security Engineer topic 1 question 197 ...,186,
https://www.examtopics.com/discussions/google/view/117177-exam-professional-cloud-security-engineer-topic-1-question/,198,Exam Professional Cloud Security Engineer topic 1 question 198 ...,187,
https://www.examtopics.com/discussions/google/view/117343-exam-professional-cloud-security-engineer-topic-1-question/,199,Exam Professional Cloud Security Engineer topic 1 question 199 ...,188,
https://www.examtopics.com/discussions/google/view/117238-exam-professional-cloud-security-engineer-topic-1-question/,200,Exam Professional Cloud Security Engineer topic 1 question 200 ...,189,
https://www.examtopics.com/discussions/google/view/117277-exam-professional-cloud-security-engineer-topic-1-question/,201,Exam Professional Cloud Security Engineer topic 1 question 201 ...,190,
https://www.examtopics.com/discussions/google/view/117278-exam-professional-cloud-security-engineer-topic-1-question/,202,Exam Professional Cloud Security Engineer topic 1 question 202 ...,191,
https://www.examtopics.com/discussions/google/view/117305-exam-professional-cloud-security-engineer-topic-1-question/,203,Exam Professional Cloud Security Engineer topic 1 question 203 ...,192,
https://www.examtopics.com/discussions/google/view/117279-exam-professional-cloud-security-engineer-topic-1-question/,204,Exam Professional Cloud Security Engineer topic 1 question 204 ...,193,
https://www.examtopics.com/discussions/google/view/117303-exam-professional-cloud-security-engineer-topic-1-question/,205,Exam Professional Cloud Security Engineer topic 1 question 205 ...,194,
https://www.examtopics.com/discussions/google/view/117280-exam-professional-cloud-security-engineer-topic-1-question/,206,Exam Professional Cloud Security Engineer topic 1 question 206 ...,195,
https://www.examtopics.com/discussions/google/view/117281-exam-professional-cloud-security-engineer-topic-1-question/,207,Exam Professional Cloud Security Engineer topic 1 question 207 ...,196,
https://www.examtopics.com/discussions/google/view/117311-exam-professional-cloud-security-engineer-topic-1-question/,208,Exam Professional Cloud Security Engineer topic 1 question 208 ...,197,
https://www.examtopics.com/discussions/google/view/117282-exam-professional-cloud-security-engineer-topic-1-question/,209,Exam Professional Cloud Security Engineer topic 1 question 209 ...,198,
https://www.examtopics.com/discussions/google/view/117314-exam-professional-cloud-security-engineer-topic-1-question/,210,Exam Professional Cloud Security Engineer topic 1 question 210 ...,199,
https://www.examtopics.com/discussions/google/view/117315-exam-professional-cloud-security-engineer-topic-1-question/,211,Exam Professional Cloud Security Engineer topic 1 question 211 ...,200,
https://www.examtopics.com/discussions/google/view/117284-exam-professional-cloud-security-engineer-topic-1-question/,212,Exam Professional Cloud Security Engineer topic 1 question 212 ...,201,
https://www.examtopics.com/discussions/google/view/117317-exam-professional-cloud-security-engineer-topic-1-question/,213,Exam Professional Cloud Security Engineer topic 1 question 213 ...,202,
https://www.examtopics.com/discussions/google/view/117318-exam-professional-cloud-security-engineer-topic-1-question/,214,Exam Professional Cloud Security Engineer topic 1 question 214 ...,203,
https://www.examtopics.com/discussions/google/view/117342-exam-professional-cloud-security-engineer-topic-1-question/,215,Exam Professional Cloud Security Engineer topic 1 question 215 ...,204,
https://www.examtopics.com/discussions/google/view/117319-exam-professional-cloud-security-engineer-topic-1-question/,216,Exam Professional Cloud Security Engineer topic 1 question 216 ...,205,
https://www.examtopics.com/discussions/google/view/117341-exam-professional-cloud-security-engineer-topic-1-question/,217,Exam Professional Cloud Security Engineer topic 1 question 217 ...,206,
https://www.examtopics.com/discussions/google/view/117320-exam-professional-cloud-security-engineer-topic-1-question/,218,Exam Professional Cloud Security Engineer topic 1 question 218 ...,207,
https://www.examtopics.com/discussions/google/view/117340-exam-professional-cloud-security-engineer-topic-1-question/,219,Exam Professional Cloud Security Engineer topic 1 question 219 ...,208,
https://www.examtopics.com/discussions/google/view/117339-exam-professional-cloud-security-engineer-topic-1-question/,220,Exam Professional Cloud Security Engineer topic 1 question 220 ...,209,
https://www.examtopics.com/discussions/google/view/117338-exam-professional-cloud-security-engineer-topic-1-question/,221,Exam Professional Cloud Security Engineer topic 1 question 221 ...,210,
https://www.examtopics.com/discussions/google/view/117329-exam-professional-cloud-security-engineer-topic-1-question/,222,Exam Professional Cloud Security Engineer topic 1 question 222 ...,211,
https://www.examtopics.com/discussions/google/view/117328-exam-professional-cloud-security-engineer-topic-1-question/,223,Exam Professional Cloud Security Engineer topic 1 question 223 ...,212,
https://www.examtopics.com/discussions/google/view/117307-exam-professional-cloud-security-engineer-topic-1-question/,224,Exam Professional Cloud Security Engineer topic 1 question 224 ...,213,
https://www.examtopics.com/discussions/google/view/117306-exam-professional-cloud-security-engineer-topic-1-question/,225,Exam Professional Cloud Security Engineer topic 1 question 225 ...,214,
https://www.examtopics.com/discussions/google/view/117323-exam-professional-cloud-security-engineer-topic-1-question/,226,Exam Professional Cloud Security Engineer topic 1 question 226 ...,215,
https://www.examtopics.com/discussions/google/view/117241-exam-professional-cloud-security-engineer-topic-1-question/,227,Exam Professional Cloud Security Engineer topic 1 question 227 ...,216,
https://www.examtopics.com/discussions/google/view/117242-exam-professional-cloud-security-engineer-topic-1-question/,228,Exam Professional Cloud Security Engineer topic 1 question 228 ...,217,
https://www.examtopics.com/discussions/google/view/117243-exam-professional-cloud-security-engineer-topic-1-question/,229,Exam Professional Cloud Security Engineer topic 1 question 229 ...,218,
https://www.examtopics.com/discussions/google/view/116889-exam-professional-cloud-security-engineer-topic-1-question/,230,Exam Professional Cloud Security Engineer topic 1 question 230 ...,219,
https://www.examtopics.com/discussions/google/view/117337-exam-professional-cloud-security-engineer-topic-1-question/,231,Exam Professional Cloud Security Engineer topic 1 question 231 ...,220,
https://www.examtopics.com/discussions/google/view/125660-exam-professional-cloud-security-engineer-topic-1-question/,232,Exam Professional Cloud Security Engineer topic 1 question 232 ...,221,
https://www.examtopics.com/discussions/google/view/126772-exam-professional-cloud-security-engineer-topic-1-question/,233,Exam Professional Cloud Security Engineer topic 1 question 233 ...,222,
https://www.examtopics.com/discussions/google/view/126773-exam-professional-cloud-security-engineer-topic-1-question/,234,Exam Professional Cloud Security Engineer topic 1 question 234 ...,223,
https://www.examtopics.com/discussions/google/view/126774-exam-professional-cloud-security-engineer-topic-1-question/,235,Exam Professional Cloud Security Engineer topic 1 question 235 ...,224,
https://www.examtopics.com/discussions/google/view/126775-exam-professional-cloud-security-engineer-topic-1-question/,236,Exam Professional Cloud Security Engineer topic 1 question 236 ...,225,
https://www.examtopics.com/discussions/google/view/126776-exam-professional-cloud-security-engineer-topic-1-question/,237,Exam Professional Cloud Security Engineer topic 1 question 237 ...,226,
https://www.examtopics.com/discussions/google/view/126777-exam-professional-cloud-security-engineer-topic-1-question/,238,Exam Professional Cloud Security Engineer topic 1 question 238 ...,227,
https://www.examtopics.com/discussions/google/view/126778-exam-professional-cloud-security-engineer-topic-1-question/,239,Exam Professional Cloud Security Engineer topic 1 question 239 ...,228,
https://www.examtopics.com/discussions/google/view/126782-exam-professional-cloud-security-engineer-topic-1-question/,242,Exam Professional Cloud Security Engineer topic 1 question 242 ...,229,
https://www.examtopics.com/discussions/google/view/126783-exam-professional-cloud-security-engineer-topic-1-question/,243,Exam Professional Cloud Security Engineer topic 1 question 243 ...,230,
https://www.examtopics.com/discussions/google/view/126784-exam-professional-cloud-security-engineer-topic-1-question/,244,Exam Professional Cloud Security Engineer topic 1 question 244 ...,231,
https://www.examtopics.com/discussions/google/view/146883-exam-professional-cloud-security-engineer-topic-1-question/,245,Exam Professional Cloud Security Engineer topic 1 question 245 ...,232,
https://www.examtopics.com/discussions/google/view/146998-exam-professional-cloud-security-engineer-topic-1-question/,246,Exam Professional Cloud Security Engineer topic 1 question 246 ...,233,
https://www.examtopics.com/discussions/google/view/146999-exam-professional-cloud-security-engineer-topic-1-question/,247,Exam Professional Cloud Security Engineer topic 1 question 247 ...,234,
https://www.examtopics.com/discussions/google/view/147000-exam-professional-cloud-security-engineer-topic-1-question/,248,Exam Professional Cloud Security Engineer topic 1 question 248 ...,235,
https://www.examtopics.com/discussions/google/view/147001-exam-professional-cloud-security-engineer-topic-1-question/,249,Exam Professional Cloud Security Engineer topic 1 question 249 ...,236,
https://www.examtopics.com/discussions/google/view/146884-exam-professional-cloud-security-engineer-topic-1-question/,250,Exam Professional Cloud Security Engineer topic 1 question 250 ...,237,
https://www.examtopics.com/discussions/google/view/147045-exam-professional-cloud-security-engineer-topic-1-question/,251,Exam Professional Cloud Security Engineer topic 1 question 251 ...,238,
https://www.examtopics.com/discussions/google/view/147046-exam-professional-cloud-security-engineer-topic-1-question/,252,Exam Professional Cloud Security Engineer topic 1 question 252 ...,239,
https://www.examtopics.com/discussions/google/view/147047-exam-professional-cloud-security-engineer-topic-1-question/,253,Exam Professional Cloud Security Engineer topic 1 question 253 ...,240,Missing
https://www.examtopics.com/discussions/google/view/147048-exam-professional-cloud-security-engineer-topic-1-question/,254,Exam Professional Cloud Security Engineer topic 1 question 254 ...,241,Missing
https://www.examtopics.com/discussions/google/view/147049-exam-professional-cloud-security-engineer-topic-1-question/,255,Exam Professional Cloud Security Engineer topic 1 question 255 ...,242,
https://www.examtopics.com/discussions/google/view/147050-exam-professional-cloud-security-engineer-topic-1-question/,256,Exam Professional Cloud Security Engineer topic 1 question 256 ...,243,
https://www.examtopics.com/discussions/google/view/147051-exam-professional-cloud-security-engineer-topic-1-question/,257,Exam Professional Cloud Security Engineer topic 1 question 257 ...,244,
https://www.examtopics.com/discussions/google/view/147052-exam-professional-cloud-security-engineer-topic-1-question/,258,Exam Professional Cloud Security Engineer topic 1 question 258 ...,245,
https://www.examtopics.com/discussions/google/view/147053-exam-professional-cloud-security-engineer-topic-1-question/,259,Exam Professional Cloud Security Engineer topic 1 question 259 ...,246,
https://www.examtopics.com/discussions/google/view/147054-exam-professional-cloud-security-engineer-topic-1-question/,260,Exam Professional Cloud Security Engineer topic 1 question 260 ...,247,
https://www.examtopics.com/discussions/google/view/147055-exam-professional-cloud-security-engineer-topic-1-question/,261,Exam Professional Cloud Security Engineer topic 1 question 261 ...,248,
https://www.examtopics.com/discussions/google/view/147056-exam-professional-cloud-security-engineer-topic-1-question/,262,Exam Professional Cloud Security Engineer topic 1 question 262 ...,249,
https://www.examtopics.com/discussions/google/view/147057-exam-professional-cloud-security-engineer-topic-1-question/,263,Exam Professional Cloud Security Engineer topic 1 question 263 ...,250,
https://www.examtopics.com/discussions/google/view/147058-exam-professional-cloud-security-engineer-topic-1-question/,264,Exam Professional Cloud Security Engineer topic 1 question 264 ...,251,
https://www.examtopics.com/discussions/google/view/147059-exam-professional-cloud-security-engineer-topic-1-question/,265,Exam Professional Cloud Security Engineer topic 1 question 265 ...,252,
https://www.examtopics.com/discussions/google/view/147061-exam-professional-cloud-security-engineer-topic-1-question/,267,Exam Professional Cloud Security Engineer topic 1 question 267 ...,253,
https://www.examtopics.com/discussions/google/view/147062-exam-professional-cloud-security-engineer-topic-1-question/,268,Exam Professional Cloud Security Engineer topic 1 question 268 ...,254,
https://www.examtopics.com/discussions/google/view/147063-exam-professional-cloud-security-engineer-topic-1-question/,269,Exam Professional Cloud Security Engineer topic 1 question 269 ...,255,
https://www.examtopics.com/discussions/google/view/147064-exam-professional-cloud-security-engineer-topic-1-question/,270,Exam Professional Cloud Security Engineer topic 1 question 270 ...,256,
https://www.examtopics.com/discussions/google/view/147065-exam-professional-cloud-security-engineer-topic-1-question/,271,Exam Professional Cloud Security Engineer topic 1 question 271 ...,257,
https://www.examtopics.com/discussions/google/view/147066-exam-professional-cloud-security-engineer-topic-1-question/,272,Exam Professional Cloud Security Engineer topic 1 question 272 ...,258,
https://www.examtopics.com/discussions/google/view/147067-exam-professional-cloud-security-engineer-topic-1-question/,273,Exam Professional Cloud Security Engineer topic 1 question 273 ...,259,
https://www.examtopics.com/discussions/google/view/147068-exam-professional-cloud-security-engineer-topic-1-question/,274,Exam Professional Cloud Security Engineer topic 1 question 274 ...,260,
https://www.examtopics.com/discussions/google/view/147069-exam-professional-cloud-security-engineer-topic-1-question/,275,Exam Professional Cloud Security Engineer topic 1 question 275 ...,261,
https://www.examtopics.com/discussions/google/view/147070-exam-professional-cloud-security-engineer-topic-1-question/,276,Exam Professional Cloud Security Engineer topic 1 question 276 ...,262,
https://www.examtopics.com/discussions/google/view/147071-exam-professional-cloud-security-engineer-topic-1-question/,277,Exam Professional Cloud Security Engineer topic 1 question 277 ...,263,
https://www.examtopics.com/discussions/google/view/147072-exam-professional-cloud-security-engineer-topic-1-question/,278,Exam Professional Cloud Security Engineer topic 1 question 278 ...,264,
https://www.examtopics.com/discussions/google/view/147074-exam-professional-cloud-security-engineer-topic-1-question/,280,Exam Professional Cloud Security Engineer topic 1 question 280 ...,265,
https://www.examtopics.com/discussions/google/view/147075-exam-professional-cloud-security-engineer-topic-1-question/,281,Exam Professional Cloud Security Engineer topic 1 question 281 ...,266,Missing
https://www.examtopics.com/discussions/google/view/147076-exam-professional-cloud-security-engineer-topic-1-question/,282,Exam Professional Cloud Security Engineer topic 1 question 282 ...,267,
https://www.examtopics.com/discussions/google/view/147077-exam-professional-cloud-security-engineer-topic-1-question/,283,Exam Professional Cloud Security Engineer topic 1 question 283 ...,268,
https://www.examtopics.com/discussions/google/view/147078-exam-professional-cloud-security-engineer-topic-1-question/,284,Exam Professional Cloud Security Engineer topic 1 question 284 ...,269,
https://www.examtopics.com/discussions/google/view/147079-exam-professional-cloud-security-engineer-topic-1-question/,285,Exam Professional Cloud Security Engineer topic 1 question 285 ...,270,
https://www.examtopics.com/discussions/google/view/147080-exam-professional-cloud-security-engineer-topic-1-question/,286,Exam Professional Cloud Security Engineer topic 1 question 286 ...,271,
https://www.examtopics.com/discussions/google/view/147081-exam-professional-cloud-security-engineer-topic-1-question/,287,Exam Professional Cloud Security Engineer topic 1 question 287 ...,272,
https://www.examtopics.com/discussions/google/view/147082-exam-professional-cloud-security-engineer-topic-1-question/,288,Exam Professional Cloud Security Engineer topic 1 question 288 ...,273,
https://www.examtopics.com/discussions/google/view/147083-exam-professional-cloud-security-engineer-topic-1-question/,289,Exam Professional Cloud Security Engineer topic 1 question 289 ...,274,
https://www.examtopics.com/discussions/google/view/147084-exam-professional-cloud-security-engineer-topic-1-question/,290,Exam Professional Cloud Security Engineer topic 1 question 290 ...,275,
https://www.examtopics.com/discussions/google/view/147085-exam-professional-cloud-security-engineer-topic-1-question/,291,Exam Professional Cloud Security Engineer topic 1 question 291 ...,276,
https://www.examtopics.com/discussions/google/view/147086-exam-professional-cloud-security-engineer-topic-1-question/,292,Exam Professional Cloud Security Engineer topic 1 question 292 ...,277,
https://www.examtopics.com/discussions/google/view/147087-exam-professional-cloud-security-engineer-topic-1-question/,293,Exam Professional Cloud Security Engineer topic 1 question 293 ...,278,
https://www.examtopics.com/discussions/google/view/147088-exam-professional-cloud-security-engineer-topic-1-question/,294,Exam Professional Cloud Security Engineer topic 1 question 294 ...,279,Missing
https://www.examtopics.com/discussions/google/view/148650-exam-professional-cloud-security-engineer-topic-1-question/,295,Exam Professional Cloud Security Engineer topic 1 question 295 ...,280,
https://www.examtopics.com/discussions/google/view/148651-exam-professional-cloud-security-engineer-topic-1-question/,296,Exam Professional Cloud Security Engineer topic 1 question 296 ...,281,
https://www.examtopics.com/discussions/google/view/148652-exam-professional-cloud-security-engineer-topic-1-question/,297,Exam Professional Cloud Security Engineer topic 1 question 297 ...,282,
https://www.examtopics.com/discussions/google/view/148653-exam-professional-cloud-security-engineer-topic-1-question/,298,Exam Professional Cloud Security Engineer topic 1 question 298 ...,283,
https://www.examtopics.com/discussions/google/view/148654-exam-professional-cloud-security-engineer-topic-1-question/,299,Exam Professional Cloud Security Engineer topic 1 question 299 ...,284,
https://www.examtopics.com/discussions/google/view/148655-exam-professional-cloud-security-engineer-topic-1-question/,300,Exam Professional Cloud Security Engineer topic 1 question 300 ...,285,
https://www.examtopics.com/discussions/google/view/148656-exam-professional-cloud-security-engineer-topic-1-question/,301,Exam Professional Cloud Security Engineer topic 1 question 301 ...,286,
https://www.examtopics.com/discussions/google/view/148657-exam-professional-cloud-security-engineer-topic-1-question/,302,Exam Professional Cloud Security Engineer topic 1 question 302 ...,287,
https://www.examtopics.com/discussions/google/view/148658-exam-professional-cloud-security-engineer-topic-1-question/,303,Exam Professional Cloud Security Engineer topic 1 question 303 ...,288,
https://www.examtopics.com/discussions/google/view/148659-exam-professional-cloud-security-engineer-topic-1-question/,304,Exam Professional Cloud Security Engineer topic 1 question 304 ...,289,
https://www.examtopics.com/discussions/google/view/148660-exam-professional-cloud-security-engineer-topic-1-question/,305,Exam Professional Cloud Security Engineer topic 1 question 305 ...,290,
https://www.examtopics.com/discussions/google/view/148661-exam-professional-cloud-security-engineer-topic-1-question/,306,Exam Professional Cloud Security Engineer topic 1 question 306 ...,291,
https://www.examtopics.com/discussions/google/view/148662-exam-professional-cloud-security-engineer-topic-1-question/,307,Exam Professional Cloud Security Engineer topic 1 question 307 ...,292,
https://www.examtopics.com/discussions/google/view/148663-exam-professional-cloud-security-engineer-topic-1-question/,308,Exam Professional Cloud Security Engineer topic 1 question 308 ...,293,
https://www.examtopics.com/discussions/google/view/148664-exam-professional-cloud-security-engineer-topic-1-question/,309,Exam Professional Cloud Security Engineer topic 1 question 309 ...,294,
https://www.examtopics.com/discussions/google/view/150182-exam-professional-cloud-security-engineer-topic-1-question/,310,Exam Professional Cloud Security Engineer topic 1 question 310 ...,295,
https://www.examtopics.com/discussions/google/view/150183-exam-professional-cloud-security-engineer-topic-1-question/,311,Exam Professional Cloud Security Engineer topic 1 question 311 ...,296,
https://www.examtopics.com/discussions/google/view/150184-exam-professional-cloud-security-engineer-topic-1-question/,312,Exam Professional Cloud Security Engineer topic 1 question 312 ...,297,
https://www.examtopics.com/discussions/google/view/150185-exam-professional-cloud-security-engineer-topic-1-question/,313,Exam Professional Cloud Security Engineer topic 1 question 313 ...,298,
https://www.examtopics.com/discussions/google/view/150186-exam-professional-cloud-security-engineer-topic-1-question/,314,Exam Professional Cloud Security Engineer topic 1 question 314 ...,299,
https://www.examtopics.com/discussions/google/view/150187-exam-professional-cloud-security-engineer-topic-1-question/,315,Exam Professional Cloud Security Engineer topic 1 question 315 ...,300,
https://www.examtopics.com/discussions/google/view/150188-exam-professional-cloud-security-engineer-topic-1-question/,316,Exam Professional Cloud Security Engineer topic 1 question 316 ...,301,
https://www.examtopics.com/discussions/google/view/150189-exam-professional-cloud-security-engineer-topic-1-question/,317,Exam Professional Cloud Security Engineer topic 1 question 317 ...,302,
https://www.examtopics.com/discussions/google/view/150190-exam-professional-cloud-security-engineer-topic-1-question/,318,Exam Professional Cloud Security Engineer topic 1 question 318 ...,303,
https://www.examtopics.com/discussions/google/view/150191-exam-professional-cloud-security-engineer-topic-1-question/,319,Exam Professional Cloud Security Engineer topic 1 question 319 ...,304,
https://www.examtopics.com/discussions/google/view/150192-exam-professional-cloud-security-engineer-topic-1-question/,320,Exam Professional Cloud Security Engineer topic 1 question 320 ...,305,
https://www.examtopics.com/discussions/google/view/150195-exam-professional-cloud-security-engineer-topic-1-question/,321,Exam Professional Cloud Security Engineer topic 1 question 321 ...,306,
,,,307,
