link,qn,text
https://www.examtopics.com/discussions/cyberark/view/100136-exam-pam-def-topic-1-question-1-discussion/,1,Exam PAM-DEF topic 1 question 1 discussion - ExamTopics
https://www.examtopics.com/discussions/cyberark/view/101270-exam-pam-def-topic-1-question-2-discussion/,2,Exam PAM-DEF topic 1 question 2 discussion - ExamTopics
https://www.examtopics.com/discussions/cyberark/view/100137-exam-pam-def-topic-1-question-3-discussion/,3,Exam PAM-DEF topic 1 question 3 discussion - ExamTopics
https://www.examtopics.com/discussions/cyberark/view/101302-exam-pam-def-topic-1-question-4-discussion/,4,Exam PAM-DEF topic 1 question 4 discussion - ExamTopics
https://www.examtopics.com/discussions/cyberark/view/101349-exam-pam-def-topic-1-question-5-discussion/,5,Exam PAM-DEF topic 1 question 5 discussion - ExamTopics
https://www.examtopics.com/discussions/cyberark/view/101351-exam-pam-def-topic-1-question-6-discussion/,6,Exam PAM-DEF topic 1 question 6 discussion - ExamTopics
https://www.examtopics.com/discussions/cyberark/view/101352-exam-pam-def-topic-1-question-7-discussion/,7,Exam PAM-DEF topic 1 question 7 discussion - ExamTopics
https://www.examtopics.com/discussions/cyberark/view/100490-exam-pam-def-topic-1-question-8-discussion/,8,Exam PAM-DEF topic 1 question 8 discussion - ExamTopics
https://www.examtopics.com/discussions/cyberark/view/101353-exam-pam-def-topic-1-question-9-discussion/,9,Exam PAM-DEF topic 1 question 9 discussion - ExamTopics
https://www.examtopics.com/discussions/cyberark/view/100282-exam-pam-def-topic-1-question-10-discussion/,10,Exam PAM-DEF topic 1 question 10 discussion - ExamTopics
https://www.examtopics.com/discussions/cyberark/view/101240-exam-pam-def-topic-1-question-11-discussion/,11,Exam PAM-DEF topic 1 question 11 discussion - ExamTopics
https://www.examtopics.com/discussions/cyberark/view/101943-exam-pam-def-topic-1-question-12-discussion/,12,Exam PAM-DEF topic 1 question 12 discussion - ExamTopics
https://www.examtopics.com/discussions/cyberark/view/101241-exam-pam-def-topic-1-question-13-discussion/,13,Exam PAM-DEF topic 1 question 13 discussion - ExamTopics
https://www.examtopics.com/discussions/cyberark/view/101354-exam-pam-def-topic-1-question-14-discussion/,14,Exam PAM-DEF topic 1 question 14 discussion - ExamTopics
https://www.examtopics.com/discussions/cyberark/view/107701-exam-pam-def-topic-1-question-15-discussion/,15,Exam PAM-DEF topic 1 question 15 discussion - ExamTopics
https://www.examtopics.com/discussions/cyberark/view/101247-exam-pam-def-topic-1-question-16-discussion/,16,Exam PAM-DEF topic 1 question 16 discussion - ExamTopics
https://www.examtopics.com/discussions/cyberark/view/101248-exam-pam-def-topic-1-question-17-discussion/,17,Exam PAM-DEF topic 1 question 17 discussion - ExamTopics
https://www.examtopics.com/discussions/cyberark/view/100292-exam-pam-def-topic-1-question-18-discussion/,18,Exam PAM-DEF topic 1 question 18 discussion - ExamTopics
https://www.examtopics.com/discussions/cyberark/view/100145-exam-pam-def-topic-1-question-19-discussion/,19,Exam PAM-DEF topic 1 question 19 discussion - ExamTopics
https://www.examtopics.com/discussions/cyberark/view/104234-exam-pam-def-topic-1-question-20-discussion/,20,Exam PAM-DEF topic 1 question 20 discussion - ExamTopics
https://www.examtopics.com/discussions/cyberark/view/100144-exam-pam-def-topic-1-question-21-discussion/,21,Exam PAM-DEF topic 1 question 21 discussion - ExamTopics
https://www.examtopics.com/discussions/cyberark/view/100293-exam-pam-def-topic-1-question-22-discussion/,22,Exam PAM-DEF topic 1 question 22 discussion - ExamTopics
https://www.examtopics.com/discussions/cyberark/view/100295-exam-pam-def-topic-1-question-23-discussion/,23,Exam PAM-DEF topic 1 question 23 discussion - ExamTopics
https://www.examtopics.com/discussions/cyberark/view/100296-exam-pam-def-topic-1-question-24-discussion/,24,Exam PAM-DEF topic 1 question 24 discussion - ExamTopics
https://www.examtopics.com/discussions/cyberark/view/100814-exam-pam-def-topic-1-question-25-discussion/,25,Exam PAM-DEF topic 1 question 25 discussion - ExamTopics
https://www.examtopics.com/discussions/cyberark/view/101264-exam-pam-def-topic-1-question-26-discussion/,26,Exam PAM-DEF topic 1 question 26 discussion - ExamTopics
https://www.examtopics.com/discussions/cyberark/view/100301-exam-pam-def-topic-1-question-27-discussion/,27,Exam PAM-DEF topic 1 question 27 discussion - ExamTopics
https://www.examtopics.com/discussions/cyberark/view/101267-exam-pam-def-topic-1-question-28-discussion/,28,Exam PAM-DEF topic 1 question 28 discussion - ExamTopics
https://www.examtopics.com/discussions/cyberark/view/100304-exam-pam-def-topic-1-question-29-discussion/,29,Exam PAM-DEF topic 1 question 29 discussion - ExamTopics
https://www.examtopics.com/discussions/cyberark/view/101423-exam-pam-def-topic-1-question-30-discussion/,30,Exam PAM-DEF topic 1 question 30 discussion - ExamTopics
https://www.examtopics.com/discussions/cyberark/view/101424-exam-pam-def-topic-1-question-31-discussion/,31,Exam PAM-DEF topic 1 question 31 discussion - ExamTopics
https://www.examtopics.com/discussions/cyberark/view/101425-exam-pam-def-topic-1-question-32-discussion/,32,Exam PAM-DEF topic 1 question 32 discussion - ExamTopics
https://www.examtopics.com/discussions/cyberark/view/101427-exam-pam-def-topic-1-question-33-discussion/,33,Exam PAM-DEF topic 1 question 33 discussion - ExamTopics
https://www.examtopics.com/discussions/cyberark/view/101428-exam-pam-def-topic-1-question-34-discussion/,34,Exam PAM-DEF topic 1 question 34 discussion - ExamTopics
https://www.examtopics.com/discussions/cyberark/view/101429-exam-pam-def-topic-1-question-35-discussion/,35,Exam PAM-DEF topic 1 question 35 discussion - ExamTopics
https://www.examtopics.com/discussions/cyberark/view/101430-exam-pam-def-topic-1-question-36-discussion/,36,Exam PAM-DEF topic 1 question 36 discussion - ExamTopics
https://www.examtopics.com/discussions/cyberark/view/101432-exam-pam-def-topic-1-question-37-discussion/,37,Exam PAM-DEF topic 1 question 37 discussion - ExamTopics
https://www.examtopics.com/discussions/cyberark/view/101433-exam-pam-def-topic-1-question-38-discussion/,38,Exam PAM-DEF topic 1 question 38 discussion - ExamTopics
https://www.examtopics.com/discussions/cyberark/view/101434-exam-pam-def-topic-1-question-39-discussion/,39,Exam PAM-DEF topic 1 question 39 discussion - ExamTopics
https://www.examtopics.com/discussions/cyberark/view/101435-exam-pam-def-topic-1-question-40-discussion/,40,Exam PAM-DEF topic 1 question 40 discussion - ExamTopics
https://www.examtopics.com/discussions/cyberark/view/101437-exam-pam-def-topic-1-question-41-discussion/,41,Exam PAM-DEF topic 1 question 41 discussion - ExamTopics
https://www.examtopics.com/discussions/cyberark/view/101438-exam-pam-def-topic-1-question-42-discussion/,42,Exam PAM-DEF topic 1 question 42 discussion - ExamTopics
https://www.examtopics.com/discussions/cyberark/view/101445-exam-pam-def-topic-1-question-43-discussion/,43,Exam PAM-DEF topic 1 question 43 discussion - ExamTopics
https://www.examtopics.com/discussions/cyberark/view/101446-exam-pam-def-topic-1-question-44-discussion/,44,Exam PAM-DEF topic 1 question 44 discussion - ExamTopics
https://www.examtopics.com/discussions/cyberark/view/101448-exam-pam-def-topic-1-question-45-discussion/,45,Exam PAM-DEF topic 1 question 45 discussion - ExamTopics
https://www.examtopics.com/discussions/cyberark/view/105132-exam-pam-def-topic-1-question-46-discussion/,46,Exam PAM-DEF topic 1 question 46 discussion - ExamTopics
https://www.examtopics.com/discussions/cyberark/view/101449-exam-pam-def-topic-1-question-47-discussion/,47,Exam PAM-DEF topic 1 question 47 discussion - ExamTopics
https://www.examtopics.com/discussions/cyberark/view/101450-exam-pam-def-topic-1-question-48-discussion/,48,Exam PAM-DEF topic 1 question 48 discussion - ExamTopics
https://www.examtopics.com/discussions/cyberark/view/101451-exam-pam-def-topic-1-question-49-discussion/,49,Exam PAM-DEF topic 1 question 49 discussion - ExamTopics
https://www.examtopics.com/discussions/cyberark/view/101452-exam-pam-def-topic-1-question-50-discussion/,50,Exam PAM-DEF topic 1 question 50 discussion - ExamTopics
https://www.examtopics.com/discussions/cyberark/view/101453-exam-pam-def-topic-1-question-51-discussion/,51,Exam PAM-DEF topic 1 question 51 discussion - ExamTopics
https://www.examtopics.com/discussions/cyberark/view/101454-exam-pam-def-topic-1-question-52-discussion/,52,Exam PAM-DEF topic 1 question 52 discussion - ExamTopics
https://www.examtopics.com/discussions/cyberark/view/101455-exam-pam-def-topic-1-question-53-discussion/,53,Exam PAM-DEF topic 1 question 53 discussion - ExamTopics
https://www.examtopics.com/discussions/cyberark/view/101457-exam-pam-def-topic-1-question-54-discussion/,54,Exam PAM-DEF topic 1 question 54 discussion - ExamTopics
https://www.examtopics.com/discussions/cyberark/view/101458-exam-pam-def-topic-1-question-55-discussion/,55,Exam PAM-DEF topic 1 question 55 discussion - ExamTopics
https://www.examtopics.com/discussions/cyberark/view/101459-exam-pam-def-topic-1-question-56-discussion/,56,Exam PAM-DEF topic 1 question 56 discussion - ExamTopics
https://www.examtopics.com/discussions/cyberark/view/101460-exam-pam-def-topic-1-question-57-discussion/,57,Exam PAM-DEF topic 1 question 57 discussion - ExamTopics
https://www.examtopics.com/discussions/cyberark/view/101463-exam-pam-def-topic-1-question-58-discussion/,58,Exam PAM-DEF topic 1 question 58 discussion - ExamTopics
https://www.examtopics.com/discussions/cyberark/view/101464-exam-pam-def-topic-1-question-59-discussion/,59,Exam PAM-DEF topic 1 question 59 discussion - ExamTopics
https://www.examtopics.com/discussions/cyberark/view/105710-exam-pam-def-topic-1-question-60-discussion/,60,Exam PAM-DEF topic 1 question 60 discussion - ExamTopics
https://www.examtopics.com/discussions/cyberark/view/105715-exam-pam-def-topic-1-question-61-discussion/,61,Exam PAM-DEF topic 1 question 61 discussion - ExamTopics
https://www.examtopics.com/discussions/cyberark/view/105716-exam-pam-def-topic-1-question-62-discussion/,62,Exam PAM-DEF topic 1 question 62 discussion - ExamTopics
https://www.examtopics.com/discussions/cyberark/view/105717-exam-pam-def-topic-1-question-63-discussion/,63,Exam PAM-DEF topic 1 question 63 discussion - ExamTopics
https://www.examtopics.com/discussions/cyberark/view/105723-exam-pam-def-topic-1-question-64-discussion/,64,Exam PAM-DEF topic 1 question 64 discussion - ExamTopics
https://www.examtopics.com/discussions/cyberark/view/105726-exam-pam-def-topic-1-question-65-discussion/,65,Exam PAM-DEF topic 1 question 65 discussion - ExamTopics
https://www.examtopics.com/discussions/cyberark/view/105727-exam-pam-def-topic-1-question-66-discussion/,66,Exam PAM-DEF topic 1 question 66 discussion - ExamTopics
https://www.examtopics.com/discussions/cyberark/view/105730-exam-pam-def-topic-1-question-67-discussion/,67,Exam PAM-DEF topic 1 question 67 discussion - ExamTopics
https://www.examtopics.com/discussions/cyberark/view/105732-exam-pam-def-topic-1-question-68-discussion/,68,Exam PAM-DEF topic 1 question 68 discussion - ExamTopics
https://www.examtopics.com/discussions/cyberark/view/105735-exam-pam-def-topic-1-question-69-discussion/,69,Exam PAM-DEF topic 1 question 69 discussion - ExamTopics
https://www.examtopics.com/discussions/cyberark/view/105736-exam-pam-def-topic-1-question-70-discussion/,70,Exam PAM-DEF topic 1 question 70 discussion - ExamTopics
https://www.examtopics.com/discussions/cyberark/view/105738-exam-pam-def-topic-1-question-71-discussion/,71,Exam PAM-DEF topic 1 question 71 discussion - ExamTopics
https://www.examtopics.com/discussions/cyberark/view/105739-exam-pam-def-topic-1-question-72-discussion/,72,Exam PAM-DEF topic 1 question 72 discussion - ExamTopics
https://www.examtopics.com/discussions/cyberark/view/105741-exam-pam-def-topic-1-question-73-discussion/,73,Exam PAM-DEF topic 1 question 73 discussion - ExamTopics
https://www.examtopics.com/discussions/cyberark/view/105747-exam-pam-def-topic-1-question-74-discussion/,74,Exam PAM-DEF topic 1 question 74 discussion - ExamTopics
https://www.examtopics.com/discussions/cyberark/view/105748-exam-pam-def-topic-1-question-75-discussion/,75,Exam PAM-DEF topic 1 question 75 discussion - ExamTopics
https://www.examtopics.com/discussions/cyberark/view/105751-exam-pam-def-topic-1-question-76-discussion/,76,Exam PAM-DEF topic 1 question 76 discussion - ExamTopics
https://www.examtopics.com/discussions/cyberark/view/105752-exam-pam-def-topic-1-question-77-discussion/,77,Exam PAM-DEF topic 1 question 77 discussion - ExamTopics
https://www.examtopics.com/discussions/cyberark/view/105754-exam-pam-def-topic-1-question-78-discussion/,78,Exam PAM-DEF topic 1 question 78 discussion - ExamTopics
https://www.examtopics.com/discussions/cyberark/view/105756-exam-pam-def-topic-1-question-79-discussion/,79,Exam PAM-DEF topic 1 question 79 discussion - ExamTopics
https://www.examtopics.com/discussions/cyberark/view/105757-exam-pam-def-topic-1-question-80-discussion/,80,Exam PAM-DEF topic 1 question 80 discussion - ExamTopics
https://www.examtopics.com/discussions/cyberark/view/105954-exam-pam-def-topic-1-question-81-discussion/,81,Exam PAM-DEF topic 1 question 81 discussion - ExamTopics
https://www.examtopics.com/discussions/cyberark/view/105965-exam-pam-def-topic-1-question-82-discussion/,82,Exam PAM-DEF topic 1 question 82 discussion - ExamTopics
https://www.examtopics.com/discussions/cyberark/view/105941-exam-pam-def-topic-1-question-83-discussion/,83,Exam PAM-DEF topic 1 question 83 discussion - ExamTopics
https://www.examtopics.com/discussions/cyberark/view/105967-exam-pam-def-topic-1-question-84-discussion/,84,Exam PAM-DEF topic 1 question 84 discussion - ExamTopics
https://www.examtopics.com/discussions/cyberark/view/105970-exam-pam-def-topic-1-question-85-discussion/,85,Exam PAM-DEF topic 1 question 85 discussion - ExamTopics
https://www.examtopics.com/discussions/cyberark/view/105971-exam-pam-def-topic-1-question-86-discussion/,86,Exam PAM-DEF topic 1 question 86 discussion - ExamTopics
https://www.examtopics.com/discussions/cyberark/view/105972-exam-pam-def-topic-1-question-87-discussion/,87,Exam PAM-DEF topic 1 question 87 discussion - ExamTopics
https://www.examtopics.com/discussions/cyberark/view/105951-exam-pam-def-topic-1-question-88-discussion/,88,Exam PAM-DEF topic 1 question 88 discussion - ExamTopics
https://www.examtopics.com/discussions/cyberark/view/105973-exam-pam-def-topic-1-question-89-discussion/,89,Exam PAM-DEF topic 1 question 89 discussion - ExamTopics
https://www.examtopics.com/discussions/cyberark/view/105975-exam-pam-def-topic-1-question-90-discussion/,90,Exam PAM-DEF topic 1 question 90 discussion - ExamTopics
https://www.examtopics.com/discussions/cyberark/view/105976-exam-pam-def-topic-1-question-91-discussion/,91,Exam PAM-DEF topic 1 question 91 discussion - ExamTopics
https://www.examtopics.com/discussions/cyberark/view/105979-exam-pam-def-topic-1-question-92-discussion/,92,Exam PAM-DEF topic 1 question 92 discussion - ExamTopics
https://www.examtopics.com/discussions/cyberark/view/105956-exam-pam-def-topic-1-question-93-discussion/,93,Exam PAM-DEF topic 1 question 93 discussion - ExamTopics
https://www.examtopics.com/discussions/cyberark/view/106059-exam-pam-def-topic-1-question-94-discussion/,94,Exam PAM-DEF topic 1 question 94 discussion - ExamTopics
https://www.examtopics.com/discussions/cyberark/view/106032-exam-pam-def-topic-1-question-95-discussion/,95,Exam PAM-DEF topic 1 question 95 discussion - ExamTopics
https://www.examtopics.com/discussions/cyberark/view/106064-exam-pam-def-topic-1-question-96-discussion/,96,Exam PAM-DEF topic 1 question 96 discussion - ExamTopics
https://www.examtopics.com/discussions/cyberark/view/106035-exam-pam-def-topic-1-question-97-discussion/,97,Exam PAM-DEF topic 1 question 97 discussion - ExamTopics
https://www.examtopics.com/discussions/cyberark/view/106067-exam-pam-def-topic-1-question-98-discussion/,98,Exam PAM-DEF topic 1 question 98 discussion - ExamTopics
https://www.examtopics.com/discussions/cyberark/view/106068-exam-pam-def-topic-1-question-99-discussion/,99,Exam PAM-DEF topic 1 question 99 discussion - ExamTopics
https://www.examtopics.com/discussions/cyberark/view/106036-exam-pam-def-topic-1-question-100-discussion/,100,Exam PAM-DEF topic 1 question 100 discussion - ExamTopics
https://www.examtopics.com/discussions/cyberark/view/105532-exam-pam-def-topic-1-question-101-discussion/,101,Exam PAM-DEF topic 1 question 101 discussion - ExamTopics
https://www.examtopics.com/discussions/cyberark/view/106123-exam-pam-def-topic-1-question-102-discussion/,102,Exam PAM-DEF topic 1 question 102 discussion - ExamTopics
https://www.examtopics.com/discussions/cyberark/view/106124-exam-pam-def-topic-1-question-103-discussion/,103,Exam PAM-DEF topic 1 question 103 discussion - ExamTopics
https://www.examtopics.com/discussions/cyberark/view/106038-exam-pam-def-topic-1-question-104-discussion/,104,Exam PAM-DEF topic 1 question 104 discussion - ExamTopics
https://www.examtopics.com/discussions/cyberark/view/106127-exam-pam-def-topic-1-question-105-discussion/,105,Exam PAM-DEF topic 1 question 105 discussion - ExamTopics
https://www.examtopics.com/discussions/cyberark/view/129036-exam-pam-def-topic-1-question-106-discussion/,106,Exam PAM-DEF topic 1 question 106 discussion - ExamTopics
https://www.examtopics.com/discussions/cyberark/view/128572-exam-pam-def-topic-1-question-107-discussion/,107,Exam PAM-DEF topic 1 question 107 discussion - ExamTopics
https://www.examtopics.com/discussions/cyberark/view/128571-exam-pam-def-topic-1-question-108-discussion/,108,Exam PAM-DEF topic 1 question 108 discussion - ExamTopics
https://www.examtopics.com/discussions/cyberark/view/134111-exam-pam-def-topic-1-question-109-discussion/,109,Exam PAM-DEF topic 1 question 109 discussion - ExamTopics
https://www.examtopics.com/discussions/cyberark/view/128628-exam-pam-def-topic-1-question-110-discussion/,110,Exam PAM-DEF topic 1 question 110 discussion - ExamTopics
https://www.examtopics.com/discussions/cyberark/view/128250-exam-pam-def-topic-1-question-111-discussion/,111,Exam PAM-DEF topic 1 question 111 discussion - ExamTopics
https://www.examtopics.com/discussions/cyberark/view/128570-exam-pam-def-topic-1-question-112-discussion/,112,Exam PAM-DEF topic 1 question 112 discussion - ExamTopics
https://www.examtopics.com/discussions/cyberark/view/128569-exam-pam-def-topic-1-question-113-discussion/,113,Exam PAM-DEF topic 1 question 113 discussion - ExamTopics
